CREATE TABLE  USERROLE (id BIGINT NOT NULL, DESCRIPTION VARCHAR(255), NAME VARCHAR(255), version INTEGER, PRIMARY KEY (id));
CREATE TABLE  STATUS (id BIGINT NOT NULL, DESCRIPTION VARCHAR(255), NAME VARCHAR(255), version INTEGER, PRIMARY KEY (id));
CREATE TABLE  USERINFO (id BIGINT NOT NULL, ADDRESS VARCHAR(255), DISPLAY_NAME VARCHAR(255), EMAIL VARCHAR(255), PASSWORD VARCHAR(255), PHONE VARCHAR(255), USERNAME VARCHAR(255), version INTEGER, USERROLE_id BIGINT, PRIMARY KEY (id));
CREATE TABLE  CATEGORY (id BIGINT NOT NULL, DESCRIPTION VARCHAR(255), NAME VARCHAR(255), version INTEGER, PRIMARY KEY (id));
CREATE TABLE  PRODUCT (id BIGINT NOT NULL, CLIN VARCHAR(255), MSRP DECIMAL(38), OEM VARCHAR(255), OEM_NAME VARCHAR(255), SKU VARCHAR(255), UNSPSC VARCHAR(255), DESCRIPTION VARCHAR(1500), DISCOUNT DECIMAL(38), NAME VARCHAR(1500), PRICE DECIMAL(38), QUANTITY DECIMAL(38), UNIT_MEASURE VARCHAR(255), version INTEGER, CATEGORY_id BIGINT, PRIMARY KEY (id));
CREATE TABLE  CUSTOMERORDER (id BIGINT NOT NULL, ORDER_DATE TIMESTAMP, TOTAL_PRICE DECIMAL(38), version INTEGER, STATUS_id BIGINT, USERINFO_id BIGINT, PRIMARY KEY (id));
CREATE TABLE  ORDERPRODUCT (id BIGINT NOT NULL, PRICE DECIMAL(38), QUANTITY DECIMAL(38), version INTEGER, CUSTOMERORDER_id BIGINT, PRODUCT_id BIGINT, PRIMARY KEY (id));
ALTER TABLE USERINFO ADD CONSTRAINT  FK_USERINFO_USERROLE_id FOREIGN KEY (USERROLE_id) REFERENCES USERROLE (id);
ALTER TABLE PRODUCT ADD CONSTRAINT  FK_PRODUCT_CATEGORY_id FOREIGN KEY (CATEGORY_id) REFERENCES CATEGORY (id);
ALTER TABLE CUSTOMERORDER ADD CONSTRAINT  FK_CUSTOMERORDER_USERINFO_id FOREIGN KEY (USERINFO_id) REFERENCES USERINFO (id);
ALTER TABLE CUSTOMERORDER ADD CONSTRAINT   FK_CUSTOMERORDER_STATUS_id FOREIGN KEY (STATUS_id) REFERENCES STATUS (id);
ALTER TABLE ORDERPRODUCT ADD CONSTRAINT  FK_ORDERPRODUCT_PRODUCT_id FOREIGN KEY (PRODUCT_id) REFERENCES PRODUCT (id);
ALTER TABLE ORDERPRODUCT ADD CONSTRAINT  FK_ORDERPRODUCT_CUSTOMERORDER_id FOREIGN KEY (CUSTOMERORDER_id) REFERENCES CUSTOMERORDER (id);
CREATE SEQUENCE  UserInfoSeq INCREMENT BY 50 START WITH 549;
CREATE SEQUENCE  UserRoleSeq INCREMENT BY 50 START WITH 549;
CREATE SEQUENCE  orderProductSeq INCREMENT BY 50 START WITH 549;
CREATE SEQUENCE  CategorySeq INCREMENT BY 50 START WITH 549;
CREATE SEQUENCE  CustomerOrderSeq INCREMENT BY 50 START WITH 549;
CREATE SEQUENCE  StatusSeq INCREMENT BY 50 START WITH 549;
CREATE SEQUENCE  ProductSeq INCREMENT BY 50 START WITH 549;


insert into status (id,name,description,version) values (1,'Pending','Pending',1);
insert into status (id,name,description,version) values (2,'Cancelled','cancelled',1);
insert into status (id,name,description,version) values (3,'Shipping','Shipping',1);

insert into userrole (id,name,description,version) values (1,'admin','admin',1);
insert into userrole (id,name,description,version) values (2,'customer','customer',1);

insert into userinfo (id,username,password,display_name,email,address,phone,userrole_id,version) values (1,'bhagyesh','bhagyesh123','Bhagyesh Patel','bhagyeshme@gmail.com','Sacramento,CA','1234567891',1,1);
insert into userinfo (id,username,password,display_name,email,address,phone,userrole_id,version) values (2,'greg','greg123','Greg Fortune','greg@gmail.com','Folsom,CA','1234567891',1,1);
insert into userinfo (id,username,password,display_name,email,address,phone,userrole_id,version) values (3,'tim','tim123','Tim cook','timcook@gmail.com','Sacramento,CA','1234567891',2,1);
insert into userinfo (id,username,password,display_name,email,address,phone,userrole_id,version) values (4,'jhon','jhon123','jhon magon','jhon@gmail.com','Folsom,CA','6549871231',2,1);
insert into userinfo (id,username,password,display_name,email,address,phone,userrole_id,version) values (5,'matt','matt123','matt jhonson','jhon@gmail.com','Folsom,CA','6549871231',2,1);
 
 insert into category (id,name,description,version)  VALUES  (1,'Standard Laptop Config','Standard Laptop Config',1);
 insert into category (id,name,description,version)  VALUES  (2,'Power Laptop Config','Power Laptop Config',1);
 insert into category (id,name,description,version)  VALUES  (3,'Ultralight Laptop Config','Ultralight Laptop Config',1);
 insert into category (id,name,description,version)  VALUES  (4,'Mobile Workstation Config','Mobile Workstation Config',1);
 insert into category (id,name,description,version)  VALUES  (5,'Options/Upgrades Mobile Workstation','Options/Upgrades Mobile Workstation',1);
 insert into category (id,name,description,version)  VALUES  (6,'Options/Upgrades All Laptops','Options/Upgrades All Laptops',1);
 insert into category (id,name,description,version)  VALUES  (7,'Options/Upgrades Standard and Ultralight Laptop','Options/Upgrades Standard and Ultralight Laptop',1);
 insert into category (id,name,description,version)  VALUES  (8,'Options/Upgrades Power Laptop','Options/Upgrades Power Laptop',1);
 insert into category (id,name,description,version)  VALUES  (9,'Options/Upgrades Standard Laptop','Options/Upgrades Standard Laptop',1);
 insert into category (id,name,description,version)  VALUES  (10,'Options/Upgrades Ultralight Laptop','Options/Upgrades Ultralight Laptop',1);
 insert into category (id,name,description,version)  VALUES  (11,'Options/Upgrades Standard Power and Ultralight Laptop','Options/Upgrades Standard Power and Ultralight Laptop',1);
 insert into category (id,name,description,version)  VALUES  (12,'Options/Upgrades Standard Power','Options/Upgrades Standard Power',1);
 insert into category (id,name,description,version)  VALUES  (13,'Standard Power and Ultralight Laptop','Standard Power and Ultralight Laptop',1);
 insert into category (id,name,description,version)  VALUES  (14,'Standard and Power Laptops','Standard and Power Laptops',1);
 insert into category (id,name,description,version)  VALUES  (15,'Service Options/Upgrades Mobile Workstation','Service Options/Upgrades Mobile Workstation',1);
 insert into category (id,name,description,version)  VALUES  (16,'Service Options/Upgrades Power Laptop','Service Options/Upgrades Power Laptop',1);
 insert into category (id,name,description,version)  VALUES  (17,'Service Options/Upgrades Ultralight Laptop','Service Options/Upgrades Ultralight Laptop',1);
 insert into category (id,name,description,version)  VALUES  (18,'Service Options/Upgrades Standard Laptop','Service Options/Upgrades Standard Laptop',1);
 insert into category (id,name,description,version)  VALUES  (19,'Service Options/Upgrades All Laptops','Service Options/Upgrades All Laptops',1);
 insert into category (id,name,description,version)  VALUES  (20,'Value Added Services All Laptops','Value Added Services All Laptops',1);
 insert into category (id,name,description,version)  VALUES  (21,'19 inch Standard MONITOR','19 inch Standard MONITOR',1);
 insert into category (id,name,description,version)  VALUES  (22,'19 inch WideScreen MONITOR','19 inch WideScreen MONITOR',1);
 insert into category (id,name,description,version)  VALUES  (23,'22 inch Touchscreen MONITOR','22 inch Touchscreen MONITOR',1);
 insert into category (id,name,description,version)  VALUES  (24,'22 inch Widescreen MONITOR','22 inch Widescreen MONITOR',1);
 insert into category (id,name,description,version)  VALUES  (25,'24 inch Widescreen MONITOR','24 inch Widescreen MONITOR',1);
 insert into category (id,name,description,version)  VALUES  (26,'28 inch Widescreen MONITOR','28 inch Widescreen MONITOR',1);
 insert into category (id,name,description,version)  VALUES  (27,'30 inch Widescreen MONITOR','30 inch Widescreen MONITOR',1);
 insert into category (id,name,description,version)  VALUES  (28,'Options Upgrades','Options Upgrades',1);
 insert into category (id,name,description,version)  VALUES  (29,'Service Options Upgrades','Service Options Upgrades',1);
 insert into category (id,name,description,version)  VALUES  (30,'Service Options Upgrades for 30 inch monitors','Service Options Upgrades for 30 inch monitors',1);
 insert into category (id,name,description,version)  VALUES  (31,'P1917s P2217 P2417H Service Options Upgrades','P1917s P2217 P2417H Service Options Upgrades',1);
 insert into category (id,name,description,version)  VALUES  (32,'Core Standard Laptop','Core Standard Laptop',1);
 insert into category (id,name,description,version)  VALUES  (33,'Core Power Laptop','Core Power Laptop',1);
 insert into category (id,name,description,version)  VALUES  (34,'Core Ultralight Laptop','Core Ultralight Laptop',1);
 insert into category (id,name,description,version)  VALUES  (35,'Core Mobile Workstation Laptop','Core Mobile Workstation Laptop',1);
 insert into category (id,name,description,version)  VALUES  (36,'Options/Upgrade Ultralight Laptop','Options/Upgrade Ultralight Laptop',1);
 insert into category (id,name,description,version)  VALUES  (37,'Options/Upgrade Standard Power Laptops','Options/Upgrade Standard Power Laptops',1);
 insert into category (id,name,description,version)  VALUES  (38,'Options/Upgrade Standard Power Mobile',' Laptops	Options/Upgrade Standard Power Mobile  Laptops',1);
 insert into category (id,name,description,version)  VALUES  (39,'Options/Upgrade All Laptops','Options/Upgrade All Laptops',1);
 insert into category (id,name,description,version)  VALUES  (40,'Options/Upgrade Ultralight Laptop 820','Options/Upgrade Ultralight Laptop 820',1);
 insert into category (id,name,description,version)  VALUES  (41,'Options/Upgrade Standard Power Laptops 640','Options/Upgrade Standard Power Laptops 640',1);
 insert into category (id,name,description,version)  VALUES  (42,'Options/Upgrade Standard Power Laptops 650','Options/Upgrade Standard Power Laptops 650',1);
 insert into category (id,name,description,version)  VALUES  (43,'Core Standard Desktop','Core Standard Desktop',1);
 insert into category (id,name,description,version)  VALUES  (44,'Core Power Desktop','Core Power Desktop',1);
 insert into category (id,name,description,version)  VALUES  (45,'Core Workstation Desktop','Core Workstation Desktop',1);
 insert into category (id,name,description,version)  VALUES  (46,'Core Thin Client Desktop','Core Thin Client Desktop',1);
 insert into category (id,name,description,version)  VALUES  (47,'Core All-in-One Desktop','Core All-in-One Desktop',1);
 insert into category (id,name,description,version)  VALUES  (48,'POWER DESKTOP 800 Upgrade','POWER DESKTOP 800 Upgrade',1);
 insert into category (id,name,description,version)  VALUES  (49,'600 Desktop Upgrades','600 Desktop Upgrades',1);
 insert into category (id,name,description,version)  VALUES  (50,'AOI Options Upgrades','AOI Options Upgrades',1);
 insert into category (id,name,description,version)  VALUES  (51,'AiO 800 Options Upgrades','AiO 800 Options Upgrades',1);
 insert into category (id,name,description,version)  VALUES  (52,'AiO Upgrade','AiO Upgrade',1);
 insert into category (id,name,description,version)  VALUES  (53,'Options Upgrades','Options Upgrades',1);
 insert into category (id,name,description,version)  VALUES  (54,'800 Mini Upgrades','800 Mini Upgrades',1);
 insert into category (id,name,description,version)  VALUES  (55,'Z640 Options Upgrades','Z640 Options Upgrades',1);
 insert into category (id,name,description,version)  VALUES  (56,'VAS Take-Back Services','VAS Take-Back Services',1);
 insert into category (id,name,description,version)  VALUES  (57,'NON-Core VAS - D Deployment & Logistics','NON-Core VAS - D Deployment & Logistics',1);
 insert into category (id,name,description,version)  VALUES  (58,'VAS Emergency Services','4 hour response per occurrence',1);
 insert into category (id,name,description,version)  VALUES  (59,'Standard Desktop Hardware','Standard Desktop Hardware',1);
 insert into category (id,name,description,version)  VALUES  (60,'Power Desktop Hardware','Power Desktop Hardware',1);
 insert into category (id,name,description,version)  VALUES  (61,'Workstation Hardware','Workstation Hardware',1);
 insert into category (id,name,description,version)  VALUES  (62,'Thin Client Hardware','Thin Client Hardware',1);
 insert into category (id,name,description,version)  VALUES  (63,'All in One Hardware','All in One Hardware',1);
 insert into category (id,name,description,version)  VALUES  (64,'Standard Desktop Options Upgrades','Standard Desktop Options Upgrades',1);
 insert into category (id,name,description,version)  VALUES  (65,'Power Desktop Options Upgrades','Power Desktop Options Upgrades',1);
 insert into category (id,name,description,version)  VALUES  (66,'Workstation Options Upgrades','Workstation Options Upgrades',1);
 insert into category (id,name,description,version)  VALUES  (67,'Thin Client Options Upgrades','Thin Client Options Upgrades',1);
 insert into category (id,name,description,version)  VALUES  (68,'All In One Options Upgrades','All In One Options Upgrades',1);
 insert into category (id,name,description,version)  VALUES  (69,'Monitor Option/Upgrades','Monitor Option/Upgrades',1);
 insert into category (id,name,description,version)  VALUES  (70,'Micro Desktop Options','Micro Desktop Options',1);
 insert into category (id,name,description,version)  VALUES  (71,'Micro Standard Desktop Upgrades','Micro Standard Desktop Upgrades',1);
 insert into category (id,name,description,version)  VALUES  (72,'Monitor Options Upgrades','Monitor Options Upgrades',1);
 insert into category (id,name,description,version)  VALUES  (73,'Power Desktop Service O/U','Power Desktop Service O/U',1);
 insert into category (id,name,description,version)  VALUES  (74,'Standard Desktop Service O/U','Standard Desktop Service O/U',1);
 insert into category (id,name,description,version)  VALUES  (75,'Monitor Service O/U','Monitor Service O/U',1);
 insert into category (id,name,description,version)  VALUES  (76,'Thin Client Service O/U','Thin Client Service O/U',1);
 insert into category (id,name,description,version)  VALUES  (77,'All In One Service O/U','All In One Service O/U',1);
 insert into category (id,name,description,version)  VALUES  (78,'Power Desktop Service O/U','7040 Power Desktop Service O/U 7040',1);
 insert into category (id,name,description,version)  VALUES  (79,'VAS Standard Desktop','VAS Standard Desktop',1);
 insert into category (id,name,description,version)  VALUES   (80,'VAS Emergency Services', '4 hour response per occurrence',1);
 
 
 
insert into product (id,clin,unspsc,oem,oem_name,sku,name,description,unit_measure,quantity,msrp,price,discount,category_id,version) values (3,'100e','43211500','210-AFUD','DELL','210-AFUD','Standard - Dell Latitude E5570 ','Standard - Dell Latitude E5570 - i5-6300U, 2.4GHz, 4GB DDR4-2133MHz 1DIMM, Windows 10 Pro 64-bit (Windows 7 Compatible),500GB SATA II 7200RPM, Intel Integrated Graphics Card, 15.6 HD Widescreen,Onsite Warranty  Integrated Wireless, Bluetooth,  4-Cell Battery, 3 -Year NBD ','EACH',1,1664.09,748.84,55,1,1);
insert into product (id,clin,unspsc,oem,oem_name,sku,name,description,unit_measure,quantity,msrp,price,discount,category_id,version) values (4,'200d','43211500','210-AFTZP','DELL','210-AFTZP','Power - Dell Latitude E5470 HD ','Power - Dell Latitude E5470 - i5-6200U, 2.3GHz, 8GB DDR4-2133MHz 2DIMM, Windows 10 Pro 64-bit (Windows 7 Compatible),500GB SATA II 7200RPM, Intel Integrated Graphics Card, 14.0 HD Widescreen, Integrated Wireless, Bluetooth,  4-Cell Battery, 3 -Year NBD Onsite Warranty','EACH',1,1699.09,764.59,55,2,1);
insert into product (id,clin,unspsc,oem,oem_name,sku,name,description,unit_measure,quantity,msrp,price,discount,category_id,version) values (5,'300d','43211500','210-AFTT','DELL','210-AFTT','Ultralight - Dell Latitude E7270 ','Ultralight - Dell Latitude E7270 - i5-6200U, 2.3GHz, 4GB DDR4-2133MHz 1DIMM, Windows 10 Pro 64-bit (Windows 7 Compatible),128GB SATA III Solid State HD, Intel Integrated Graphics Card, 12.5 HD Widescreen Integrated Wireless, Bluetooth, 4-Cell Battery, 3-Year NDB Onsite Warranty','EACH',1,1947.80,876.51,55,3,1);
insert into product (id,clin,unspsc,oem,oem_name,sku,name,description,unit_measure,quantity,msrp,price,discount,category_id,version) values (6,'300e','43211500','210-AFQD','DELL','210-AFQD','Ultralight - Dell Latitude E7470 ','Ultralight - Dell Latitude E7470 - i5-6200U, 2.3GHz, 4GB DDR4-2133MHz 1DIMM, Windows 10 Pro 64-bit  (Windows 7 Compatible),128GB SATA III Solid State HD, Intel Integrated Graphics Card, 14 HD Widescreen Integrated Wireless, Bluetooth, 4-Cell Battery, 3-Year NDB Onsite Warranty','EACH',1,1920.23,864.10,55,3,1);
insert into product (id,clin,unspsc,oem,oem_name,sku,name,description,unit_measure,quantity,msrp,price,discount,category_id,version) values (7,'400d','43211500','210-AFXM','DELL','210-AFXM','Mobile Workstation - Dell Mobile Precision 7510 ','Mobile Workstation - Dell Mobile Precision 7510 - i7-6820HQ 2.7GHz Quad Core, 16GB DDR4 2133MHz 2DIMMS, Windows 10 Pro 64-bit (Windows 7 Compatible), 500GB SATA II 7200RPM, AMD FirePro™ W5170M w/2GB GDDR5, 15.6 HD Widescreen, Integrated Wireless, Bluetooth. 6-cell battery. 3-Year NBD Onsite Warranty','EACH',1,2230.06,1003.53,55,4,1);
insert into product (id,clin,unspsc,oem,oem_name,sku,name,description,unit_measure,quantity,msrp,price,discount,category_id,version) values (8,'1005b','43211500','451-BBUV','DELL','451-BBUV','6 Cell (91 Whr) Long Life Cycle Lithium Polymer battery','6 Cell (91 Whr) Long Life Cycle Lithium Polymer battery','EACH',1,212.86,138.36,35,5,1);
insert into product (id,clin,unspsc,oem,oem_name,sku,name,description,unit_measure,quantity,msrp,price,discount,category_id,version) values (9,'1007','43211500','313-7362','DELL','313-7362','USB Powered External Speakers','USB Powered External Speakers','EACH',1,19.99,12.99,35,6,1);
insert into product (id,clin,unspsc,oem,oem_name,sku,name,description,unit_measure,quantity,msrp,price,discount,category_id,version) values (10,'1008c','43211500','429-AAUX','DELL','429-AAUX','USB External DVD+/-RW Drive','USB External DVD+/-RW Drive','EACH',1,59.99,38.99,35,7,1);
insert into product (id,clin,unspsc,oem,oem_name,sku,name,description,unit_measure,quantity,msrp,price,discount,category_id,version) values (11,'1009c','43211500','379-BCFY, 391-BCDQ','DELL','379-BCFY 391-BCDQ','Intel® Core™ i7-6600U (Dual Core, 2.6GHz, 4M cache, 15W) vPro','Intel® Core™ i7-6600U (Dual Core, 2.6GHz, 4M cache, 15W) vPro','EACH',1,500.00,325.00,35,8,1);
insert into product (id,clin,unspsc,oem,oem_name,sku,name,description,unit_measure,quantity,msrp,price,discount,category_id,version) values (12,'1010a','43211500','NA','DELL','NA','Add Integrated Microphone (INCLUDED IN BASE)','Add Integrated Microphone (INCLUDED IN BASE)','EACH',1,0.00,0.00,35,8,1);
insert into product (id,clin,unspsc,oem,oem_name,sku,name,description,unit_measure,quantity,msrp,price,discount,category_id,version) values (13,'1011a','43211500','NA','DELL','NA','Add Integrated Microphone (INCLUDED IN BASE)','Add Integrated Microphone (INCLUDED IN BASE)','EACH',1,0.00,0.00,35,9,1);
insert into product (id,clin,unspsc,oem,oem_name,sku,name,description,unit_measure,quantity,msrp,price,discount,category_id,version) values (14,'1012c','43211500','346-BBPV','DELL','346-BBPV','Fingerprint Reader/Smartcard Reader','Fingerprint Reader/Smartcard Reader','EACH',1,30.00,19.50,35,9,1);
insert into product (id,clin,unspsc,oem,oem_name,sku,name,description,unit_measure,quantity,msrp,price,discount,category_id,version) values (15,'1014b','43211500','319-BBDT, 320-BBQV, 391- BCFG','DELL','319-BBDT  320-BBQV 391-BCFG','Add Integrated Microphone','Add Integrated Microphone','EACH',1,212.86,138.36,35,15,1);
insert into product (id,clin,unspsc,oem,oem_name,sku,name,description,unit_measure,quantity,msrp,price,discount,category_id,version) values (16,'1015a','43211500','NA','DELL','N/A','Included in Base','Included in Base','EACH',1,0.0,0.00,35,15,1);
insert into product (id,clin,unspsc,oem,oem_name,sku,name,description,unit_measure,quantity,msrp,price,discount,category_id,version) values (17,'1016c','43211500','370-ACDE','DELL','370-ACDE','Add 4Gb (8GB Total) 2x4GB, 2133MHz DDR4 Memory','Add 4Gb (8GB Total) 2x4GB, 2133MHz DDR4 Memory','EACH',1,180.00,117.00,35,17,1);
insert into product (id,clin,unspsc,oem,oem_name,sku,name,description,unit_measure,quantity,msrp,price,discount,category_id,version) values (18,'1017c','43211500','338-BIFC','DELL','338-BIFC','Intel® Core™ i7-6920HQ (Quad Core 2.90GHz, 3.80GHz Turbo, 8MB 45W, w/Intel HD Graphics 530)','Intel® Core™ i7-6920HQ (Quad Core 2.90GHz, 3.80GHz Turbo, 8MB 45W, w/Intel HD Graphics 530)','EACH',1,741.43,481.93,35,15,1);
insert into product (id,clin,unspsc,oem,oem_name,sku,name,description,unit_measure,quantity,msrp,price,discount,category_id,version) values (19,'1018b','43211500','370-ACEB','DELL','370-ACEB','Add 16GB (Total 32.0GB), DDR4-2133MHz SDRAM, 4 DIMMS','Add 16GB (Total 32.0GB), DDR4-2133MHz SDRAM, 4 DIMMS','EACH',1,588.57,382.57,35,15,1);
insert into product (id,clin,unspsc,oem,oem_name,sku,name,description,unit_measure,quantity,msrp,price,discount,category_id,version) values (20,'1020c','43211500','379-BCFY, 391-BCDQ','DELL','379-BCFY, 391-BCDQ','Intel® Core™ i7-6600U (Dual Core, 2.6GHz, 4M cache, 15W) vPro','Intel® Core™ i7-6600U (Dual Core, 2.6GHz, 4M cache, 15W) vPro','EACH',1,500.00,325.00,35,18,1);
insert into product (id,clin,unspsc,oem,oem_name,sku,name,description,unit_measure,quantity,msrp,price,discount,category_id,version) values (21,'1021b','43211500','379-BCFY','DELL','379-BCFY','Intel® Core™ i7-6600U (Dual Core, 2.6GHz, 4M cache, 15W)','Intel® Core™ i7-6600U (Dual Core, 2.6GHz, 4M cache, 15W)','EACH',1,400.00,260.00,35,17,1);
insert into product (id,clin,unspsc,oem,oem_name,sku,name,description,unit_measure,quantity,msrp,price,discount,category_id,version) values (22,'1022a','43211500','370-ACDF','DELL','370-ACDF','Add 8GB (16GB Total), DDR4,2133MHZ','Add 8GB (16GB Total), DDR4,2133MHZ','EACH',1,330.00,214.50,35,16,1);
insert into product (id,clin,unspsc,oem,oem_name,sku,name,description,unit_measure,quantity,msrp,price,discount,category_id,version) values (23,'1023b','43211500','391-BCFM','DELL','391-BCFM','Add Integrated Webcam','Add Integrated Webcam','EACH',1,30.0,19.50,35,17,1);
insert into product (id,clin,unspsc,oem,oem_name,sku,name,description,unit_measure,quantity,msrp,price,discount,category_id,version) values (24,'1024a','43211500','319-BBCW','DELL','319-BBCW','Add Integrated Microphone (Remove Webcam)','Add Integrated Microphone (Remove Webcam)','EACH',1,0.00,0.00,35,17,1);
insert into product (id,clin,unspsc,oem,oem_name,sku,name,description,unit_measure,quantity,msrp,price,discount,category_id,version) values (25,'1026','43211500','330-9456','DELL','330-9456','Add USB optical mouse','Add USB optical mouse','EACH',1,19.99,12.99,35,19,1);
insert into product (id,clin,unspsc,oem,oem_name,sku,name,description,unit_measure,quantity,msrp,price,discount,category_id,version) values (26,'1027a','43211500','331-9653','DELL','331-9653','Add USB keyboard','Add USB keyboard','EACH',1,29.99,19.49,35,19,1);
insert into product (id,clin,unspsc,oem,oem_name,sku,name,description,unit_measure,quantity,msrp,price,discount,category_id,version) values (27,'1028a','43211500','631-AARN','DELL','631-AARN','Upgrade to Intel vPro Technology','Upgrade to Intel vPro Technology','EACH',1,30.00,19.50,35,16,1);
insert into product (id,clin,unspsc,oem,oem_name,sku,name,description,unit_measure,quantity,msrp,price,discount,category_id,version) values (28,'1029c','43211500','346-BBRJ','DELL','346-BBRJ','Fingerprint Reader/Smartcard Reader','Fingerprint Reader/Smartcard Reader','EACH',1,30.0,19.50,35,16,1);
insert into product (id,clin,unspsc,oem,oem_name,sku,name,description,unit_measure,quantity,msrp,price,discount,category_id,version) values (29,'1030b','43211500','631-AARD','DELL','631-AARD','Upgrade Intel vPro™ Technology’s Advanced Management Features','Upgrade Intel vPro™ Technology’s Advanced Management Features','EACH',1,30.00,19.50,35,10,1);
insert into product (id,clin,unspsc,oem,oem_name,sku,name,description,unit_measure,quantity,msrp,price,discount,category_id,version) values (30,'1031b','43211500','346-BBRE','DELL','346-BBRE','Add fingerprint reader/Smartcard Reader','Add fingerprint reader/Smartcard Reader','EACH',1,70.00,45.50,35,15,1);
insert into product (id,clin,unspsc,oem,oem_name,sku,name,description,unit_measure,quantity,msrp,price,discount,category_id,version) values (31,'1032b','43211500','631-AAQU','DELL','631-AAQU','Intel vPro Technology Enabled','Intel vPro Technology Enabled','EACH',1,27.14,17.64,35,15,1);
insert into product (id,clin,unspsc,oem,oem_name,sku,name,description,unit_measure,quantity,msrp,price,discount,category_id,version) values (32,'1033a','43211500','331-6304','DELL','331-6304','Docking Station with A/C adapter, supports laptop recharging','Docking Station with A/C adapter, supports laptop recharging','EACH',1,219.99,142.99,35,15,1);
insert into product (id,clin,unspsc,oem,oem_name,sku,name,description,unit_measure,quantity,msrp,price,discount,category_id,version) values (33,'1034a','43211500','469-4546','DELL','469-4546','Dell 90-Watt Auto-Air DC Adapter for Select Dell Systems(Car Charger)','Dell 90-Watt Auto-Air DC Adapter for Select Dell Systems(Car Charger)','EACH',1,99.99,64.99,35,11,1);
insert into product (id,clin,unspsc,oem,oem_name,sku,name,description,unit_measure,quantity,msrp,price,discount,category_id,version) values (34,'1035a','43211500','570-AALK','DELL','570-AALK','Dell Wireless Mouse-WM126 - Black','Dell Wireless Mouse-WM126 - Black','EACH',1,19.99,12.99,35,19,1);
insert into product (id,clin,unspsc,oem,oem_name,sku,name,description,unit_measure,quantity,msrp,price,discount,category_id,version) values (35,'1036c','43211500','400-AHCC','DELL','400-AHCC','256GB Solid State Drive','256GB Solid State Drive','EACH',1,320.00,208.00,35,10,1);
insert into product (id,clin,unspsc,oem,oem_name,sku,name,description,unit_measure,quantity,msrp,price,discount,category_id,version) values (36,'1038b','43211500','400-AJBG','DELL','400-AJBG','256GB  Solid State Drive','256GB  Solid State Drive','EACH',1,284.29,184.79,35,15,1);
insert into product (id,clin,unspsc,oem,oem_name,sku,name,description,unit_measure,quantity,msrp,price,discount,category_id,version) values (37,'1041b','43211500','400-AJBO','DELL','400-AJBO','500G 7200 OPAL','500G 7200 OPAL','EACH',1,84.29,54.7,35,15,1);
insert into product (id,clin,unspsc,oem,oem_name,sku,name,description,unit_measure,quantity,msrp,price,discount,category_id,version) values (38,'1043c','43211500','391-BCDP','DELL','391-BCDP','Add Integrated Webcam','Add Integrated Webcam','EACH',1,30.00,19.50,35,12,1);
insert into product (id,clin,unspsc,oem,oem_name,sku,name,description,unit_measure,quantity,msrp,price,discount,category_id,version) values (39,'1044b','43211500','331-6307','DELL','331-6307','Dell E-Port Replicator Docking Station with USB 3.0','Dell E-Port Replicator Docking Station with USB 3.0','EACH',1,169.00,109.8,35,11,1);
insert into product (id,clin,unspsc,oem,oem_name,sku,name,description,unit_measure,quantity,msrp,price,discount,category_id,version) values (40,'1045','81110000','980-5714','DELL','980-5714','Keep Your Hard Drive, 5 Year','Keep Your Hard Drive, 5 Year','EACH',1,30.00,19.50,35,15,1);
insert into product (id,clin,unspsc,oem,oem_name,sku,name,description,unit_measure,quantity,msrp,price,discount,category_id,version) values (41,'1046','81110000','980-9314','DELL','980-9314','Keep Your Hard Drive, 5 Year','Keep Your Hard Drive, 5 Year','EACH',1,30.00,19.50,35,11,1);
insert into product (id,clin,unspsc,oem,oem_name,sku,name,description,unit_measure,quantity,msrp,price,discount,category_id,version) values (42,'1047','81110000','981-2233','DELL','981-2233','Keep Your Hard Drive, 4 Year','Keep Your Hard Drive, 4 Year','EACH',1,25.00,16.25,35,5,1);
insert into product (id,clin,unspsc,oem,oem_name,sku,name,description,unit_measure,quantity,msrp,price,discount,category_id,version) values (43,'1048','81110000','981-5693','DELL','981-5693','Keep Your Hard Drive, 4 Year','Keep Your Hard Drive, 4 Year','EACH',1,25.00,16.25,35,13,1);
insert into product (id,clin,unspsc,oem,oem_name,sku,name,description,unit_measure,quantity,msrp,price,discount,category_id,version) values (44,'1049','81110000','983-8332','DELL','983-8332','Keep Your Hard Drive, 3 Year','Keep Your Hard Drive, 3 Year','EACH',1,20.00,13.00,35,15,1);
insert into product (id,clin,unspsc,oem,oem_name,sku,name,description,unit_measure,quantity,msrp,price,discount,category_id,version) values (45,'1050','81110000','984-1892','DELL','984-1892','Keep Your Hard Drive, 3 Year','Keep Your Hard Drive, 3 Year','EACH',1,20.00,13.00,35,17,1);
insert into product (id,clin,unspsc,oem,oem_name,sku,name,description,unit_measure,quantity,msrp,price,discount,category_id,version) values (46,'1051b','43211500','A1475677','DELL','A1475677','Targus 16-inch Corporate Traveler Vertical Rolling Laptop Case','Targus 16-inch Corporate Traveler Vertical Rolling Laptop Case','EACH',1,52.99,34.44,35,6,1);
insert into product (id,clin,unspsc,oem,oem_name,sku,name,description,unit_measure,quantity,msrp,price,discount,category_id,version) values (47,'1052a','43211500','A5468037','DELL','A5468037','LOGITECH WIRELESS HEADSET H600','LOGITECH WIRELESS HEADSET H600','EACH',1,69.99,45.49,35,6,1);
insert into product (id,clin,unspsc,oem,oem_name,sku,name,description,unit_measure,quantity,msrp,price,discount,category_id,version) values (48,'1053','43211500','A6107465','DELL','A6107465','Add wireless keyboard','Add wireless keyboard','EACH',1,29.99,19.49,35,6,1);
insert into product (id,clin,unspsc,oem,oem_name,sku,name,description,unit_measure,quantity,msrp,price,discount,category_id,version) values (49,'1054c','43211500','460-BBRC','DELL','460-BBRC','Dell Professional Topload Carrying Case - 14”','Dell Professional Topload Carrying Case - 14”','EACH',1,59.99,38.99,35,6,1);
insert into product (id,clin,unspsc,oem,oem_name,sku,name,description,unit_measure,quantity,msrp,price,discount,category_id,version) values (50,'1055c','43211500','370-ACDE','DELL','370-ACDE','8GB (2x4GB) 2133MHz DDR4 Memory','8GB (2x4GB) 2133MHz DDR4 Memory','EACH',1,180.00,117.00,35,9,1);
insert into product (id,clin,unspsc,oem,oem_name,sku,name,description,unit_measure,quantity,msrp,price,discount,category_id,version) values (51,'1056b','43211500','365-0521, 374-4751','DELL','365-0521, 374-4751','Kensington Combination Lock','Kensington Combination Lock','EACH',1,39.85,25.90,35,9,1);
insert into product (id,clin,unspsc,oem,oem_name,sku,name,description,unit_measure,quantity,msrp,price,discount,category_id,version) values (52,'1057b','43211500','400-AHCC','DELL','400-AHCC','256GB Solid State Drive','256GB Solid State Drive','EACH',1,320.00,208.00,35,9,1);
insert into product (id,clin,unspsc,oem,oem_name,sku,name,description,unit_measure,quantity,msrp,price,discount,category_id,version) values (53,'1059b','43211500','391-BCDN','DELL','391-BCDN','14 Touch FHD LCD with camera, WWAN','14 Touch FHD LCD with camera, WWAN','EACH',1,280.00,182.00,35,9,1);
insert into product (id,clin,unspsc,oem,oem_name,sku,name,description,unit_measure,quantity,msrp,price,discount,category_id,version) values (54,'1060b','43211500','391-BCEV, 451-BBPK','DELL','391-BCEV, 451-BBPK','12.5” FHD Touch with Corning® Gorilla® Glass NBT (1920 x 10800) LCD with camera, WIGI','12.5” FHD Touch with Corning® Gorilla® Glass NBT (1920 x 10800) LCD with camera, WIGI','EACH',1,379.00,246.35,35,10,1);
insert into product (id,clin,unspsc,oem,oem_name,sku,name,description,unit_measure,quantity,msrp,price,discount,category_id,version) values (55,'1062a','43211500','580-ACKL','DELL','580-ACKL','Backlit Keyboard','Backlit Keyboard','EACH',1,50.00,32.50,35,9,1);
insert into product (id,clin,unspsc,oem,oem_name,sku,name,description,unit_measure,quantity,msrp,price,discount,category_id,version) values (56,'1063a','43211500','391-BCDH','DELL','391-BCDH','15 Touch FHD LCD with Camera, WIGI','15 Touch FHD LCD with Camera, WIGI','EACH',1,280.00,182.00,35,9,1);
insert into product (id,clin,unspsc,oem,oem_name,sku,name,description,unit_measure,quantity,msrp,price,discount,category_id,version) values (57,'1064a','43211500','391-BCFN','DELL','391-BCFN','14 Touch FHD LCD with Camera, WIGI','14 Touch FHD LCD with Camera, WIGI','EACH',1,480.00,312.00,35,10,1);
insert into product (id,clin,unspsc,oem,oem_name,sku,name,description,unit_measure,quantity,msrp,price,discount,category_id,version) values (58,'1065a','43211500','379-BCFY','DELL','379-BCFY','Intel® Core™ i7-6600U (Dual Core, 2.6GHz, 4M cache, 15W)','Intel® Core™ i7-6600U (Dual Core, 2.6GHz, 4M cache, 15W)','EACH',1,400.00,260.00,35,10,1);
insert into product (id,clin,unspsc,oem,oem_name,sku,name,description,unit_measure,quantity,msrp,price,discount,category_id,version) values (59,'1066','43211500','954-3471, 421-9983','DELL','954-3471,421-9983','PS4SW,DDPE,ENTERPRISE EDITION,5YR, DDPE Enterprise Edition DD','PS4SW,DDPE,ENTERPRISE EDITION,5YR, DDPE Enterprise Edition DD','EACH',1,129.00,83.85,35,6,1);
insert into product (id,clin,unspsc,oem,oem_name,sku,name,description,unit_measure,quantity,msrp,price,discount,category_id,version) values (60,'1067a','43211500','370-ACDF','DELL','370-ACDF','16GB (2x8GB) DDR4,2133MHz','16GB (2x8GB) DDR4,2133MHz','EACH',1,330.00,214.50,35,6,1);
insert into product (id,clin,unspsc,oem,oem_name,sku,name,description,unit_measure,quantity,msrp,price,discount,category_id,version) values (61,'1069a','43211500','555-BCMT','DELL','555-BCMT','Intel® Dual-Band Wireless-AC 8260 Wi-Fi + BT 4.1 Wireless Card (2x2)','Intel® Dual-Band Wireless-AC 8260 Wi-Fi + BT 4.1 Wireless Card (2x2)','EACH',1,25.00,16.25,35,6,1);
insert into product (id,clin,unspsc,oem,oem_name,sku,name,description,unit_measure,quantity,msrp,price,discount,category_id,version) values (62,'1070','43211500','460-BBNE','DELL','460-BBNE','DELL Premier Backpack','DELL Premier Backpack','EACH',1,99.99,64.99,35,6,1);
insert into product (id,clin,unspsc,oem,oem_name,sku,name,description,unit_measure,quantity,msrp,price,discount,category_id,version) values (63,'1071a','43211500','331-9053','DELL','331-9053','DELL AC Adapter','DELL AC Adapter','EACH',1,139.99,90.99,35,6,1);
insert into product (id,clin,unspsc,oem,oem_name,sku,name,description,unit_measure,quantity,msrp,price,discount,category_id,version) values (64,'1072a','43211500','346-BBPV','DELL','346-BBPV','Smart Card Reader','Smart Card Reader','EACH',1,30.00,19.50,35,9,1);
insert into product (id,clin,unspsc,oem,oem_name,sku,name,description,unit_measure,quantity,msrp,price,discount,category_id,version) values (65,'1073a','43211500','631-AARN','DELL','631-AARN','Upgrade to Intel vPro Technology','Upgrade to Intel vPro Technology','EACH',1,30.00,19.50,35,9,1);
insert into product (id,clin,unspsc,oem,oem_name,sku,name,description,unit_measure,quantity,msrp,price,discount,category_id,version) values (66,'1074a','43211500','346-BBRJ','DELL','346-BBRJ','Dual Pointing palmrest With Smart Card and Fingerprint Reader','Dual Pointing palmrest With Smart Card and Fingerprint Reader','EACH',1,30.00,19.50,35,9,1);
insert into product (id,clin,unspsc,oem,oem_name,sku,name,description,unit_measure,quantity,msrp,price,discount,category_id,version) values (67,'1075','43211500','332-2270','DELL','332-2270','Dell Adapter Mini Displayport to VGA','Dell Adapter Mini Displayport to VGA','EACH',1,34.99,22.74,35,6,1);
insert into product (id,clin,unspsc,oem,oem_name,sku,name,description,unit_measure,quantity,msrp,price,discount,category_id,version) values (68,'1076','43211500','A7639742','DELL','A7639742','Displayport to Displayport 6ft Cable M/M','Displayport to Displayport 6ft Cable M/M','EACH',1,15.99,10.39,35,6,1);
insert into product (id,clin,unspsc,oem,oem_name,sku,name,description,unit_measure,quantity,msrp,price,discount,category_id,version) values (69,'1077','43211500','451-BBKV','DELL','451-BBKV','Dell Portable Power Companion (18000mAh)','Dell Portable Power Companion (18000mAh)','EACH',1,139.99,90.99,35,6,1);
insert into product (id,clin,unspsc,oem,oem_name,sku,name,description,unit_measure,quantity,msrp,price,discount,category_id,version) values (70,'1078a','43211500','400-AHHX','DELL','400-AHHX','128GB SSD','128GB SSD','EACH',1,180.00,117.00,35,14,1);
insert into product (id,clin,unspsc,oem,oem_name,sku,name,description,unit_measure,quantity,msrp,price,discount,category_id,version) values (71,'1079a','43211500','370-ACDD','DELL','370-ACDD','8GB (1x16GB) 2133MHz DDR4 Memory','8GB (1x16GB) 2133MHz DDR4 Memory','EACH',1,180.00,117.00,35,14,1);
insert into product (id,clin,unspsc,oem,oem_name,sku,name,description,unit_measure,quantity,msrp,price,discount,category_id,version) values (72,'1080','43211500','319-BBDS, 320-BBQV, 391 BCFG','DELL','319-BBDS, 320-BBQV, 391 BCFG','Add Integrated Webcam','Add Integrated Webcam','EACH',1,227.14,147.64,35,5,1);
insert into product (id,clin,unspsc,oem,oem_name,sku,name,description,unit_measure,quantity,msrp,price,discount,category_id,version) values (73,'1081','43211500','400-AHHV','DELL','400-AHHV','M.2 512GB SATA Class 20 Solid State Drive','M.2 512GB SATA Class 20 Solid State Drive','EACH',1,580.00,377.00,35,6,1);
insert into product (id,clin,unspsc,oem,oem_name,sku,name,description,unit_measure,quantity,msrp,price,discount,category_id,version) values (74,'1082','43211500','[421-9983][954-3463][391- BCDQ]','DELL','[421-9983][954-3463][391- BCDQ]','DDPE Enterprise Edition License + ProSupport for Software 3 Year','DDPE Enterprise Edition License + ProSupport for Software 3 Year','EACH',1,204.00,132.60,35,6,1);
insert into product (id,clin,unspsc,oem,oem_name,sku,name,description,unit_measure,quantity,msrp,price,discount,category_id,version) values (75,'1083','43211500','[452-BBLQ]','DELL','[452-BBLQ]','E-Port Plus, dock adds dual digital display and legacy port support, USB 3.0','E-Port Plus, dock adds dual digital display and legacy port support, USB 3.0','EACH',1,219.00,142.35,35,3,1);
insert into product (id,clin,unspsc,oem,oem_name,sku,name,description,unit_measure,quantity,msrp,price,discount,category_id,version) values (76,'1084','43211500','338-BHOZ','DELL','338-BHOZ','AMD Radeon™ R7 M370, for I7-6820H No Type C (Vpro Capable)','AMD Radeon™ R7 M370, for I7-6820H No Type C (Vpro Capable)','EACH',1,129.00,83.85,35,3,1);
insert into product (id,clin,unspsc,oem,oem_name,sku,name,description,unit_measure,quantity,msrp,price,discount,category_id,version) values (77,'1085','43211500','450-AAYU','DELL','450-AAYU','90 Watt AC Adaptor','90 Watt AC Adaptor','EACH',1,5.00,3.25,35,3,1);
insert into product (id,clin,unspsc,oem,oem_name,sku,name,description,unit_measure,quantity,msrp,price,discount,category_id,version) values (78,'1086','43211500','346-BBSG','DELL','346-BBSG','Dual Pointing palmrest With Smart Card and Fingerprint Reader','Dual Pointing palmrest With Smart Card and Fingerprint Reader','EACH',1,30.00,19.50,35,3,1);
insert into product (id,clin,unspsc,oem,oem_name,sku,name,description,unit_measure,quantity,msrp,price,discount,category_id,version) values (79,'1087','43211500','631-AARO','DELL','631-AARO','Intel vPro™ Technology’s Advanced Management Features','Intel vPro™ Technology’s Advanced Management Features','EACH',1,30.00,19.50,35,3,1);
insert into product (id,clin,unspsc,oem,oem_name,sku,name,description,unit_measure,quantity,msrp,price,discount,category_id,version) values (80,'1088','43211500','391-BCDL','DELL','391-BCDL','15.6 FHD (1920 x 1080) Anti Glare LCD, Camera and Microphone, WWAN Capable','15.6 FHD (1920 x 1080) Anti Glare LCD, Camera and Microphone, WWAN Capable','EACH',1,110.00,71.55,35,3,1);
insert into product (id,clin,unspsc,oem,oem_name,sku,name,description,unit_measure,quantity,msrp,price,discount,category_id,version) values (81,'1089','43211500','338-BHLO','DELL','338-BHLO','AMD Radeon™ R7 M360, for I7-6600U','AMD Radeon™ R7 M360, for I7-6600U','EACH',1,129.00,83.85,35,3,1);
insert into product (id,clin,unspsc,oem,oem_name,sku,name,description,unit_measure,quantity,msrp,price,discount,category_id,version) values (82,'1090','43211500','379-BCGD','DELL','379-BCGD','I7-6820HQ Intel® Core™ i7-6820HQ (Quad Core, 2.7GHz, 8M cache,','I7-6820HQ Intel® Core™ i7-6820HQ (Quad Core, 2.7GHz, 8M cache,','EACH',1,460.00,299.00,35,3,1);
insert into product (id,clin,unspsc,oem,oem_name,sku,name,description,unit_measure,quantity,msrp,price,discount,category_id,version) values (83,'1091','43211500','631-AARQ','DELL','631-AARQ','INTEL VPRO - ME IN,','INTEL VPRO - ME IN,','EACH',1,30.00,19.50,35,3,1);
insert into product (id,clin,unspsc,oem,oem_name,sku,name,description,unit_measure,quantity,msrp,price,discount,category_id,version) values (84,'1092','43211500','391-BCFO','DELL','391-BCFO','14.0” FHD (1920 x 1080) Anti Glare LCD, Camera and Mic, WLAN/WWAN Capable','14.0” FHD (1920 x 1080) Anti Glare LCD, Camera and Mic, WLAN/WWAN Capable','EACH',1,110.00,71.50,35,10,1);
insert into product (id,clin,unspsc,oem,oem_name,sku,name,description,unit_measure,quantity,msrp,price,discount,category_id,version) values (85,'1093','43211500','631-AARG','DELL','631-AARG','Intel vPro™ Technology’s Advanced Management Features','Intel vPro™ Technology’s Advanced Management Features','EACH',1,30.00,19.50,35,10,1);
insert into product (id,clin,unspsc,oem,oem_name,sku,name,description,unit_measure,quantity,msrp,price,discount,category_id,version) values (86,'1094','43211500','346-BBUY','DELL','346-BBUY','Smart Card, Contactless Smart Card and Fingerprint Reader for 82 Key, Dual Point Keyboard','Smart Card, Contactless Smart Card and Fingerprint Reader for 82 Key, Dual Point Keyboard','EACH',1,30.00,19.50,35,10,1);
insert into product (id,clin,unspsc,oem,oem_name,sku,name,description,unit_measure,quantity,msrp,price,discount,category_id,version) values (87,'1095','43211500','583-BCUS','DELL','583-BCUS','82 Key Internal Backlight English Keyboard','82 Key Internal Backlight English Keyboard','EACH',1,50.00,32.50,35,10,1);
insert into product (id,clin,unspsc,oem,oem_name,sku,name,description,unit_measure,quantity,msrp,price,discount,category_id,version) values (88,'1096','43211500','492-BBFM','DELL','492-BBFM','Dell Adapter - Mini DisplayPort to VGA','Dell Adapter - Mini DisplayPort to VGA','EACH',1,37.49,24.37,35,10,1);
insert into product (id,clin,unspsc,oem,oem_name,sku,name,description,unit_measure,quantity,msrp,price,discount,category_id,version) values (89,'1097','43211500','391-BCFB','DELL','391-BCFB','12.5” FHD (1920 x 1080) Anti Glare LCD with Camera and mic, WLAN','12.5” FHD (1920 x 1080) Anti Glare LCD with Camera and mic, WLAN','EACH',1,110.00,71.50,35,10,1);
insert into product (id,clin,unspsc,oem,oem_name,sku,name,description,unit_measure,quantity,msrp,price,discount,category_id,version) values (90,'1098','43211500','379-BCFX','DELL','379-BCFX','Intel® Core™ i5-6300U (Dual Core, 2.4GHz, 3M cache, 15W)','Intel® Core™ i5-6300U (Dual Core, 2.4GHz, 3M cache, 15W)','EACH',1,220.00,143.00,35,10,1);
insert into product (id,clin,unspsc,oem,oem_name,sku,name,description,unit_measure,quantity,msrp,price,discount,category_id,version) values (91,'1099','43211500','631-AARD','DELL','631-AARD','Intel vPro™ Technology’s Advanced Management Features','Intel vPro™ Technology’s Advanced Management Features','EACH',1,30.00,19.50,35,10,1);
insert into product (id,clin,unspsc,oem,oem_name,sku,name,description,unit_measure,quantity,msrp,price,discount,category_id,version) values (92,'1100','43211500','583-BCUH','DELL','583-BCUH','82 Key Internal Backlight English Keyboard','82 Key Internal Backlight English Keyboard','EACH',1,50.00,32.50,35,10,1);
insert into product (id,clin,unspsc,oem,oem_name,sku,name,description,unit_measure,quantity,msrp,price,discount,category_id,version) values (93,'1101','43211500','555-BCMV','DELL','555-BCMV','Intel® Tri-Band Wireless-AC 18260 WiGig + Wi-Fi + BT4.1 Wireless C','Intel® Tri-Band Wireless-AC 18260 WiGig + Wi-Fi + BT4.1 Wireless C','EACH',1,25.00,16.25,35,10,1);
insert into product (id,clin,unspsc,oem,oem_name,sku,name,description,unit_measure,quantity,msrp,price,discount,category_id,version) values (94,'1102','43211500','490-BCPK, 490-BCQJ','DELL','490-BCPK, 490-BCQJ','Nvidia® Quadro® M2000M w/4GB GDDR5','Nvidia® Quadro® M2000M w/4GB GDDR5','EACH',1,614.29,399.29,35,5,1);
insert into product (id,clin,unspsc,oem,oem_name,sku,name,description,unit_measure,quantity,msrp,price,discount,category_id,version) values (95,'1103','43211500','400-AFGV','DELL','400-AFGV','512GB SSD','512GB SSD','EACH',1,498.57,324.07,35,5,1);
insert into product (id,clin,unspsc,oem,oem_name,sku,name,description,unit_measure,quantity,msrp,price,discount,category_id,version) values (96,'1104','43211500','338-BIFC','DELL','338-BIFC','Intel Core i7-6920HQ (quad Core 2.90 Ghz, 3.80GHz Turbo, 8B 45W','Intel Core i7-6920HQ (quad Core 2.90 Ghz, 3.80GHz Turbo, 8B 45W','EACH',1,741.43,481.93,35,5,1);
insert into product (id,clin,unspsc,oem,oem_name,sku,name,description,unit_measure,quantity,msrp,price,discount,category_id,version) values (97,'1105','43211500','319-BBDS, 320-BBQV, 391 BCFF','DELL','319-BBDS, 320-BBQV, 391 BCFF','15.6 UltraSharp™ FHD IPS (1920x1080) Wide View Anti-Glare LED-b','15.6 UltraSharp™ FHD IPS (1920x1080) Wide View Anti-Glare LED-b','EACH',1,270.00,175.50,35,5,1);
insert into product (id,clin,unspsc,oem,oem_name,sku,name,description,unit_measure,quantity,msrp,price,discount,category_id,version) values (98,'1106','43211500','370-ACSV','DELL','370-ACSV','32GB (2x16GB) 2133MHz DDR4 SDRAM, Non-ECC','32GB (2x16GB) 2133MHz DDR4 SDRAM, Non-ECC','EACH',1,588.57,382.57,35,5,1);
insert into product (id,clin,unspsc,oem,oem_name,sku,name,description,unit_measure,quantity,msrp,price,discount,category_id,version) values (99,'1107','43211500','580-ACLF','DELL','580-ACLF','Internal Dual Pointing Backlit Keyboard, English','Internal Dual Pointing Backlit Keyboard, English','EACH',1,50.00,32.50,35,5,1);
insert into product (id,clin,unspsc,oem,oem_name,sku,name,description,unit_measure,quantity,msrp,price,discount,category_id,version) values (100,'1108','43211500','338-BHRI','DELL','338-BHRI','Smart card Thunderbolt','Smart card Thunderbolt','EACH',1,42.86,27.86,35,5,1);
insert into product (id,clin,unspsc,oem,oem_name,sku,name,description,unit_measure,quantity,msrp,price,discount,category_id,version) values (1010,'1109','43211500','401-AAPS','DELL','401-AAPS','Secondary drive 1TB 2.5 inch 7200 rpm SATA Hard Drive','Secondary drive 1TB 2.5 inch 7200 rpm SATA Hard Drive','EACH',1,198.57,129.07,35,5,1);
insert into product (id,clin,unspsc,oem,oem_name,sku,name,description,unit_measure,quantity,msrp,price,discount,category_id,version) values (1020,'2000b','81110000','997-1022,997-1024, 935-8283','DELL','997-1022,997-1024, 935-8283','4 Year Basic Hardware Service with 4 Year NBD Onsite Service','4 Year Basic Hardware Service with 4 Year NBD Onsite Service','EACH',1,577.66,398.59,31,15,1);
insert into product (id,clin,unspsc,oem,oem_name,sku,name,description,unit_measure,quantity,msrp,price,discount,category_id,version) values (103,'2001b','81110000','997-1022,997-1025, 933- 9854','DELL','997-1022,997-1025, 933- 9854','5 Year Basic Hardware Service with 5 Year NBD Onsite Service','5 Year Basic Hardware Service with 5 Year NBD Onsite Service','EACH',1,823.23,568.03,31,15,1);
insert into product (id,clin,unspsc,oem,oem_name,sku,name,description,unit_measure,quantity,msrp,price,discount,category_id,version) values (104,'2002b','81110000','997-8317, 997-8328, 997-8334, 935-8283','DELL','997-8317, 997-8328, 997-8334, 935-8283','4 Year Basic Hardware Service with NBD Onsite Service','4 Year Basic Hardware Service with NBD Onsite Service','EACH',1,475.66,328.21,31,16,1);
insert into product (id,clin,unspsc,oem,oem_name,sku,name,description,unit_measure,quantity,msrp,price,discount,category_id,version) values (105,'2003b','81110000','997-8317, 997-8328, 997-8335,933-9854','DELL','997-8317, 997-8328, 997-8335,933-9854','5 Year Basic Hardware Service with  NBD Onsite Service','5 Year Basic Hardware Service with  NBD Onsite Service','EACH',1,588.23,405.88,31,16,1);
insert into product (id,clin,unspsc,oem,oem_name,sku,name,description,unit_measure,quantity,msrp,price,discount,category_id,version) values (106,'2004d','81110000','804-2167, 804-2169, 935-8283','DELL','804-2167, 804-2169, 935-8283','4 Year Hardware Service with In-Home/Onsite Service After Remote Diagnosis','4 Year Hardware Service with In-Home/Onsite Service After Remote Diagnosis','EACH',1,516.66,356.50,31,16,1);
insert into product (id,clin,unspsc,oem,oem_name,sku,name,description,unit_measure,quantity,msrp,price,discount,category_id,version) values (107,'2005d','81110000','804-2167, 804-2170,933- 9854','DELL','804-2167, 804-2170,933-9854','5 Year Hardware Service with In-Home/Onsite Service After Remote Diagnosis','5 Year Hardware Service with In-Home/Onsite Service After Remote Diagnosis','EACH',1,619.23,427.27,31,17,1);
insert into product (id,clin,unspsc,oem,oem_name,sku,name,description,unit_measure,quantity,msrp,price,discount,category_id,version) values (108,'2006d','81110000','997-8317, 997-8328, 997-8334, 935-8283','DELL','997-8317, 997-8328, 997-8334, 935-8283','4 Years Hardware Service with In-Home/Onsite Service After Remote Diagnosis','4 Years Hardware Service with In-Home/Onsite Service After Remote Diagnosis','EACH',1,475.66,328.21,31,17,1);
insert into product (id,clin,unspsc,oem,oem_name,sku,name,description,unit_measure,quantity,msrp,price,discount,category_id,version) values (109,'2007d','81110000','997-8317, 997-8328, 997-8335,933-9854','DELL','997-8317, 997-8328, 997-8335,933-9854','5 Years Hardware Service with In-Home/Onsite Service After Remote Diagnosis','5 Years Hardware Service with In-Home/Onsite Service After Remote Diagnosis','EACH',1,588.23,405.88,31,18,1);
insert into product (id,clin,unspsc,oem,oem_name,sku,name,description,unit_measure,quantity,msrp,price,discount,category_id,version) values (110,'2008b','81110000','804-2238, 804-2240,935-8283','DELL','804-2238, 804-2240,935-8283','Ultralight 14 4 Year Hardware Service with Onsite Service After Remote Diagnosis','Ultralight 14 4 Year Hardware Service with Onsite Service After Remote Diagnosis','EACH',1,475.66,328.21,31,17,1);
insert into product (id,clin,unspsc,oem,oem_name,sku,name,description,unit_measure,quantity,msrp,price,discount,category_id,version) values (111,'2009b','81110000','804-2238, 804-2241,933-9854','DELL','804-2238, 804-2241,933-9854','Ultralight 14 5 Year Hardware Service with Onsite Service After Remote Diagnosis','Ultralight 14 5 Year Hardware Service with Onsite Service After Remote Diagnosis','EACH',1,588.23,405.88,31,17,1);
insert into product (id,clin,unspsc,oem,oem_name,sku,name,description,unit_measure,quantity,msrp,price,discount,category_id,version) values (112,'2010','81110000','988-5542','DELL','988-5542','2 Years Extended Battery Service for Years 2 and 3 of System Life','2 Years Extended Battery Service for Years 2 and 3 of System Life','EACH',1,89.00,61.41,31,20,1);
insert into product (id,clin,unspsc,oem,oem_name,sku,name,description,unit_measure,quantity,msrp,price,discount,category_id,version) values (113,'2011','81110000','997-8380, 997-8381, 997- 8382, 997-8383, 997-8317,997-8366','DELL','997-8380, 997-8381, 997- 8382, 997-8383, 997-8317,997-8366','3 Years ProSupport Plus with Next Business Day Onsite Service','3 Years ProSupport Plus with Next Business Day Onsite Service','EACH',1,541.00,351.65,35,18,1);
insert into product (id,clin,unspsc,oem,oem_name,sku,name,description,unit_measure,quantity,msrp,price,discount,category_id,version) values (114,'2012','81110000','998-0538, 998-0547, 998-0548,998-0549,998-0550','DELL','998-0538, 998,0547, 998-0548,998-0549,998-0550','Ultralight 12 3 Year ProSupport Plus with Next Business Day Onsite S','Ultralight 12 3 Year ProSupport Plus with Next Business Day Onsite S','EACH',1,612.00,397.80,35,17,1);
insert into product (id,clin,unspsc,oem,oem_name,sku,name,description,unit_measure,quantity,msrp,price,discount,category_id,version) values (115,'2013','81110000','804-2238, 804-2244','DELL','804-2238, 804-2244','Ultralight 14 3 Year Prosupport warranty','Ultralight 14 3 Year Prosupport warranty','EACH',1,427.00,277.5,35,17,1);
insert into product (id,clin,unspsc,oem,oem_name,sku,name,description,unit_measure,quantity,msrp,price,discount,category_id,version) values (116,'2014','81110000','804-2238, 804-2256, 804-2257, 804-2258, 804-2259','DELL','804-2238, 804-2256, 804-2257, 804-2258, 804-2259','Ultralight 14 3 Year ProSupport Plus with Next Business Day Onsite Service','Ultralight 14 3 Year ProSupport Plus with Next Business Day Onsite Service','EACH',1,541.00,351.65,35,17,1);
insert into product (id,clin,unspsc,oem,oem_name,sku,name,description,unit_measure,quantity,msrp,price,discount,category_id,version) values (117,'2015','81110000','804-2238, 804-2264, 804-2265, 804-2266, 804-2267','DELL','804-2238, 804-2264, 804-2265, 804-2266, 804-2267','Ultralight 14 4 Year ProSupport Plus with Next Business Day Onsite Service','Ultralight 14 4 Year ProSupport Plus with Next Business Day Onsite Service','EACH',1,702.00,456.30,35,17,1);
insert into product (id,clin,unspsc,oem,oem_name,sku,name,description,unit_measure,quantity,msrp,price,discount,category_id,version) values (118,'3000a','81110000','365-1245,365-1401','DELL','365-1245,365-1401','Computrace 3 Year','Computrace 3 Year','EACH',1,174.95,134.71,23,20,1);
insert into product (id,clin,unspsc,oem,oem_name,sku,name,description,unit_measure,quantity,msrp,price,discount,category_id,version) values (119,'3001','81110000','TIG-AIN-NBK','TIG','TIG-AIN-NBK','Asset Information via Internet','Asset Information via Internet','EACH',1,0.00,0.00,23,20,1);
insert into product (id,clin,unspsc,oem,oem_name,sku,name,description,unit_measure,quantity,msrp,price,discount,category_id,version) values (120,'3002','81110000','TIG-ATG-NBK','TIG','TIG-ATG-NBK','Asset Tagging Services - Customer Provided Tags','Asset Tagging Services - Customer Provided Tags','EACH',1,10.00,7.70,23,20,1);
insert into product (id,clin,unspsc,oem,oem_name,sku,name,description,unit_measure,quantity,msrp,price,discount,category_id,version) values (121,'3003','81110000','TIG-DIS-NBK','TIG','TIG-DIS-NBK','Take-Back Services','Take-Back Services','EACH',1,10.00,7.70,23,20,1);
insert into product (id,clin,unspsc,oem,oem_name,sku,name,description,unit_measure,quantity,msrp,price,discount,category_id,version) values (122,'*Non-Core','81110000','TIG-DLG-NBK','TIG','TIG-DLG-NBK','Deployments & Logistics Services','Deployments & Logistics Services','EACH',1,46.00,35.42,23,20,1);
insert into product (id,clin,unspsc,oem,oem_name,sku,name,description,unit_measure,quantity,msrp,price,discount,category_id,version) values (123,'3005','81110000','TIG-EMG-NBK','TIG','TIG-EMG-NBK','Emergency Services ( 4 hour response)','Emergency Services ( 4 hour response)','EACH',1,58.00,44.66,23,20,1);
insert into product (id,clin,unspsc,oem,oem_name,sku,name,description,unit_measure,quantity,msrp,price,discount,category_id,version) values (124,'3006','81110000','TIG-IMG-NBK','TIG','TIG-IMG-NBK','Imaging','Imaging','EACH',1,27.00,20.79,23,20,1);
insert into product (id,clin,unspsc,oem,oem_name,sku,name,description,unit_measure,quantity,msrp,price,discount,category_id,version) values (125,'3007','81110000','TIG-INS-NBK','TIG','TIG-INS-NBK','Installation Services','Installation Services','EACH',1,40.00,30.80,23,20,1);
insert into product (id,clin,unspsc,oem,oem_name,sku,name,description,unit_measure,quantity,msrp,price,discount,category_id,version) values (126,'3008','81110000','TIG-SWC-NBK','TIG','TIG-SWC-NBK','Self-Warranty Certification','Self-Warranty Certification','EACH',1,0.00,0.00,23,20,1);
insert into product (id,clin,unspsc,oem,oem_name,sku,name,description,unit_measure,quantity,msrp,price,discount,category_id,version) values (127,'100c','43211900','210-AIIJ , 806-2763','DELL','210-AIIJ , 806-2763','P1917s 19 Standard Monitor','P1917s 19 Standard Monitor','EACH',1,249.99,169.99,32,21,1);
insert into product (id,clin,unspsc,oem,oem_name,sku,name,description,unit_measure,quantity,msrp,price,discount,category_id,version) values (128,'101b','43211900','858-BBCU','DELL','858-BBCU','P2016 19.5 WideScreen Monitor','P2016 19.5 WideScreen Monitor','EACH',1,189.99,129.20,32,21,1);
insert into product (id,clin,unspsc,oem,oem_name,sku,name,description,unit_measure,quantity,msrp,price,discount,category_id,version) values (129,'102a','43211900','TD2220','VIEWSONIC','TD2220','22 Touchscreen Monitor','22 Touchscreen Monitor','EACH',1,445.00,302.60,32,23,1);
insert into product (id,clin,unspsc,oem,oem_name,sku,name,description,unit_measure,quantity,msrp,price,discount,category_id,version) values (130,'103b','43211900','210-AIIC, 806-2763','DELL','210-AIIC, 806-2763','P2217 22 Widescreen Monitor','P2217 22 Widescreen Monitor','EACH',1,219.99,149.59,32,23,1);
insert into product (id,clin,unspsc,oem,oem_name,sku,name,description,unit_measure,quantity,msrp,price,discount,category_id,version) values (131,'104c','43211900','320-9794, 806-2763','DELL','210-AIIM, 806-2763','P2417H 24 Widescreen Monitor','P2417H 24 Widescreen Monitor','EACH',1,299.99,203.99,32,25,1);
insert into product (id,clin,unspsc,oem,oem_name,sku,name,description,unit_measure,quantity,msrp,price,discount,category_id,version) values (132,'105b','43211900','VG2847SMH','VIEWSONIC','VG2847SMH','28 Widescreen Monitor','28 Widescreen Monitor','EACH',1,552.00,375.36,32,26,1);
insert into product (id,clin,unspsc,oem,oem_name,sku,name,description,unit_measure,quantity,msrp,price,discount,category_id,version) values (133,'106d','43211900','210-AJGT, 810-6396','DELL','210-AJGT, 810-6396','UP3017 30 Widescreen Monitor','UP3017 30 Widescreen Monitor','EACH',1,1399.99,951.99,32,27,1);
insert into product (id,clin,unspsc,oem,oem_name,sku,name,description,unit_measure,quantity,msrp,price,discount,category_id,version) values (134,'200a','43211900','A3793590','DELL','A3793590','MS - Display cable - DVI-D M - DVI-D M - 6.6 ft ( included in the 22 widescreen monitor)','MS - Display cable - DVI-D M - DVI-D M - 6.6 ft ( included in the 22 widescreen monitor)','EACH',1,12.99,8.96,31,28,1);
insert into product (id,clin,unspsc,oem,oem_name,sku,name,description,unit_measure,quantity,msrp,price,discount,category_id,version) values (135,'201b','43211900','A7639742','DELL','A7639742','6FT C2G DISPLAYPORT CABLE M/M BLK','6FT C2G DISPLAYPORT CABLE M/M BLK','EACH',1,15.99,11.04,31,28,1);
insert into product (id,clin,unspsc,oem,oem_name,sku,name,description,unit_measure,quantity,msrp,price,discount,category_id,version) values (136,'202','81110000','318-2885','DELL','318-2885','Dell USB Monitor Soundbar AC511','Dell USB Monitor Soundbar AC511','EACH',1,34.99,24.14,31,28,1);
insert into product (id,clin,unspsc,oem,oem_name,sku,name,description,unit_measure,quantity,msrp,price,discount,category_id,version) values (137,'203','81110000','332-1235','DELL','332-1235','Dell MSA14 Single Monitor Arm Stand','Dell MSA14 Single Monitor Arm Stand','EACH',1,129.99,89.69,31,28,1);
insert into product (id,clin,unspsc,oem,oem_name,sku,name,description,unit_measure,quantity,msrp,price,discount,category_id,version) values (138,'204','81110000','332-1236','DELL','332-1236','Dell MDS14 Dual Monitor Stand','Dell MDS14 Dual Monitor Stand','EACH',1,169.99,117.29,31,28,1);
insert into product (id,clin,unspsc,oem,oem_name,sku,name,description,unit_measure,quantity,msrp,price,discount,category_id,version) values (139,'205','81110000','855-BBBN','DELL','855-BBBN','Dell MDA17 Dual Monitor Stand','Dell MDA17 Dual Monitor Stand','EACH',1,249.99,172.50,31,28,1);


INSERT INTO customerorder(id,order_date,total_price,status_id,userinfo_id,version) VALUES (1,'2017-03-08', 5486, 1, 3, 1);
INSERT INTO customerorder(id,order_date,total_price,status_id,userinfo_id,version) VALUES (2,'2017-02-18', 2356, 2, 4, 1);
INSERT INTO customerorder(id,order_date,total_price,status_id,userinfo_id,version) VALUES (3,'2017-01-12', 1200, 3, 5, 1);
INSERT INTO customerorder(id,order_date,total_price,status_id,userinfo_id,version) VALUES (4,'2017-02-27', 658, 1, 3, 1);
INSERT INTO customerorder(id,order_date,total_price,status_id,userinfo_id,version) VALUES (5,'2017-03-05', 455, 1, 4, 1);
INSERT INTO customerorder(id,order_date,total_price,status_id,userinfo_id,version) VALUES (6,'2017-03-07', 3545, 1, 1, 1);
INSERT INTO customerorder(id,order_date,total_price,status_id,userinfo_id,version) VALUES (7,'2017-03-01', 1245, 1, 2, 1);
 

INSERT INTO orderproduct(id, price, quantity,product_id,customerorder_id,version) VALUES (1,1231 ,2 ,22 ,1 ,1 );
INSERT INTO orderproduct(id, price, quantity,product_id,customerorder_id,version) VALUES (2,120 ,1 ,26 ,1 ,1 );
INSERT INTO orderproduct(id, price, quantity,product_id,customerorder_id,version) VALUES (3,451 ,2 ,3 ,4 ,1 );
INSERT INTO orderproduct(id, price, quantity,product_id,customerorder_id,version) VALUES (4,544 ,3 ,40 ,2 ,1 );
INSERT INTO orderproduct(id, price, quantity,product_id,customerorder_id,version) VALUES (5,123 ,10 ,45 ,2 ,1 );
INSERT INTO orderproduct(id, price, quantity,product_id,customerorder_id,version) VALUES (6,543 ,1 ,100 ,5 ,1 );
INSERT INTO orderproduct(id, price, quantity,product_id,customerorder_id,version) VALUES (7,456,3 ,78 ,6 ,1 );
INSERT INTO orderproduct(id, price, quantity,product_id,customerorder_id,version) VALUES (8,236 ,1 ,65 ,6 ,1 );
INSERT INTO orderproduct(id, price, quantity,product_id,customerorder_id,version) VALUES (9,658 ,4 ,47 ,7 ,1 );
INSERT INTO orderproduct(id, price, quantity,product_id,customerorder_id,version) VALUES (10,132 ,2 ,13 ,3 ,1 );
 
 
 